activities,content_type,creation_time,id,is_branded_content,lang,link_attachment.caption,link_attachment.description,link_attachment.link,link_attachment.name,match_type,mcl_url,modified_time,multimedia,post_owner.type,post_owner.id,post_owner.name,post_owner.username,shared_post_id,statistics.angry_count,statistics.care_count,statistics.comment_count,statistics.haha_count,statistics.like_count,statistics.love_count,statistics.reaction_count,statistics.sad_count,statistics.share_count,statistics.views,statistics.views_date_last_refreshed,statistics.wow_count,surface.type,surface.id,surface.name,surface.username,text
,photos,2024-01-30T11:21:07+00:00,738592272327836,FALSE,en,,,,,"[""post_text""]",https://www.facebook.com/transparency-tools/content-library/dataset/1119037145491882/facebook/post/738592272327836/,2024-08-08T18:46:57+00:00,"[{""id"":""996313315861430"",""type"":""photo"",""url"":""https://lookaside.facebook.com/mcl/multimedia/lookaside/?download_info=AZu9rZ3jJc4cEx7o6AoikDrfMfkLvkfbYw8XlyessVBJ0rfs5EgIC4iitdvPDjEmA9fgdT8UMIng9huTP8GbQ845CvBorK0jJ-swob_zuK5BziTDuMvuv-pdSo95YThGY_b2XvwepQk5t3CSX2M""}]",page,1140018044126731,The message of islam,,,0,0,10,0,98,90,188,0,14,6138,2025-07-21,0,page,1140018044126731,The message of islam,,"- We will Pray together soon,In Sha ALLAH ‚ú®‚ô•Ô∏è"
,photos,2024-01-30T00:49:37+00:00,2107572629774546,FALSE,en,,,,,"[""post_text""]",https://www.facebook.com/transparency-tools/content-library/dataset/1119037145491882/facebook/post/2107572629774546/,2024-02-27T09:28:08+00:00,"[{""id"":""1262449068857269"",""type"":""photo"",""url"":""https://lookaside.facebook.com/mcl/multimedia/lookaside/?download_info=AZuSMBX3R1kef_KBUF118XKd4Cfu1I5IhGBcoHBMcSs_tmJYoRoMqboMXM7ZA9K6Ps09vBDaPVIp4gO26p5fTNqNNyF4vby4LiFZSJ6mNSs5wLnQ-aYS6MpF2lbCL05Y39QSmbE_iwUcxIN3DSwS""}]",page,1240170881218807,Allah is One,,,0,0,11,0,134,51,186,1,14,5178,2025-07-21,0,page,1240170881218807,Allah is One,,‚Äî Ya Allah I am tired.ü•∫ü•πü•∫
,photos,2024-01-29T09:51:30+00:00,1705730650077336,FALSE,en,,,,,"[""post_text""]",https://www.facebook.com/transparency-tools/content-library/dataset/1119037145491882/facebook/post/1705730650077336/,2024-01-29T09:51:30+00:00,"[{""id"":""2023923998345965"",""type"":""photo"",""url"":""https://lookaside.facebook.com/mcl/multimedia/lookaside/?download_info=AZuPDaxf8_YGd5neSmtUNxoRzDH6mW-FV-jnMrPAMm-Fz2W1IgxDFWja9ez3eY_4KX0DRnS6DUFeBeJKuc_ElmVEV80-AtjBYD_8lJkaTgkwGQHHRjFK8yBxhHZGExx05JC9piSohkgHyn5ZiBe6""}]",page,1240170881218807,Allah is One,,,0,0,13,0,122,55,177,0,9,5151,2025-07-21,0,page,1240170881218807,Allah is One,,‚Äî Ramadan is coming. ü¶ã
,photos,2024-01-27T17:12:02+00:00,5012499902308994,FALSE,en,,,,,"[""post_text""]",https://www.facebook.com/transparency-tools/content-library/dataset/1119037145491882/facebook/post/5012499902308994/,2024-08-08T18:46:57+00:00,"[{""id"":""24518442281084724"",""type"":""photo"",""url"":""https://lookaside.facebook.com/mcl/multimedia/lookaside/?download_info=AZtZjoZ_o3F1S4ElK6TehGuDvTUZi3JIR6OTcVM_WOykkdAPc8GwCOqcPKOf7t6rHPDqb1r-Ndgs2Qp_-Pui7VO1-qSyUVgWE5YO8V3zV222mAfgqPT9EY2kCxjLFQLt6HTFDkUY6h6y0qB0kwfyGA""}]",page,1140018044126731,The message of islam,,,0,0,1,0,40,59,99,0,16,5111,2025-07-25,0,page,1140018044126731,The message of islam,,AllƒÅh Ô∑ª is the best of planner‚ù§.
,photos,2024-01-27T14:13:02+00:00,1999263287549216,FALSE,en,,,,,"[""post_text""]",https://www.facebook.com/transparency-tools/content-library/dataset/1119037145491882/facebook/post/1999263287549216/,2024-08-08T18:46:57+00:00,"[{""id"":""1304605617897729"",""type"":""photo"",""url"":""https://lookaside.facebook.com/mcl/multimedia/lookaside/?download_info=AZu7FKq8Qudz5FOxjEqanT7brtuUBL7ld_A58cxvQH6Ldrf8xkaYyYtROk4P5_6I2EgdLN0UW34YRuQpBMq5UT_FFUisw23Qjtzf0A4xo1nR_Ye27de_8xj4WWd_8pIqfyvzEUSl3MEa1WdFhXSl""}]",page,1140018044126731,The message of islam,,,0,0,1,0,55,53,108,0,7,3778,2025-07-21,0,page,1140018044126731,The message of islam,,Ramadan Mode.üåôüíõü§≤
,photos,2024-01-27T03:52:56+00:00,1433948010979155,FALSE,en,,,,,"[""post_text""]",https://www.facebook.com/transparency-tools/content-library/dataset/1119037145491882/facebook/post/1433948010979155/,2024-01-27T03:52:56+00:00,"[{""id"":""3661781040624096"",""type"":""photo"",""url"":""https://lookaside.facebook.com/mcl/multimedia/lookaside/?download_info=AZvFKnidR2aCC26-2wrXUXfZQ4z6z0McNOQBfiEAvgRcW7lWWCVBT-OldidKJRW4ZHToNXcUdPSmt7p23Xp3TQGIYPn0c7TYJNbQkPjStXwBVN8VsK2mBLtnwfOho_ddHZHJ5rT5HG94PslGWfUV""}]",page,1240170881218807,Allah is One,,,0,0,29,0,183,85,268,0,10,5181,2025-07-21,0,page,1240170881218807,Allah is One,,"‚ÄîAlhamdulillah, Iam Muslim. üíö
#Muslims#highlightseveryone"
,photos,2024-01-26T14:53:50+00:00,762787202782692,FALSE,en,,,,,"[""post_text""]",https://www.facebook.com/transparency-tools/content-library/dataset/1119037145491882/facebook/post/762787202782692/,2024-08-08T18:46:57+00:00,"[{""id"":""1074938004773898"",""type"":""photo"",""url"":""https://lookaside.facebook.com/mcl/multimedia/lookaside/?download_info=AZufYyqZw9KDTiC_2XJbLR8fgsQE4TGp101o27sCOVkP1LXnMSY1r9zFYy_JDOgmixqscS7yJEqKTEWzwqdtGwGCq1Zo6wjlyvcYM54Y03n31CEsBKLeEHYwhVuywKmAu-yCrxKyzdqOlBzIK0WG""}]",page,1140018044126731,The message of islam,,,0,0,9,0,107,104,211,0,5,5062,2025-07-26,0,page,1140018044126731,The message of islam,,- One day I want to touch the kaaba with you. ü§ç
,photos,2024-01-26T14:42:58+00:00,4164943960444087,FALSE,en,,,,,"[""post_text""]",https://www.facebook.com/transparency-tools/content-library/dataset/1119037145491882/facebook/post/4164943960444087/,2024-01-26T14:42:58+00:00,"[{""id"":""1280312913821568"",""type"":""photo"",""url"":""https://lookaside.facebook.com/mcl/multimedia/lookaside/?download_info=AZvFPkdDR53C3uZAogk2Ye-scvkV54UqLxlxOCR6UDtkZO2EC67ROeRC5uF_gjytXFFVwS1GMTiwy9FjQ7d_fS-_RPNBNnYq5-SlVSL7-cUmuM8zfKt9urslb0We3ZBdqFf8bJ9iNfLlo0-YsO03""}]",page,658446493800249,Online Quran Institute,,,,,0,,,,,,2,2801,2025-07-21,,page,658446493800249,Online Quran Institute,,"Aslam o Alaikum .. R u looking for online quran classes?we have male and female Quran teacher 
We provide online Quran classes with tajweed nazra/hifz... Flexible timing available....
30 min class per student.
20 min for Qaida/Quran and last 10 min for duas, kalimahs, Namaz...
3 Trial classes are free... Technology has made it easy to learn and Quran through Internet to all over the world, we teach online For more information...Plz contact us whatsapp. 0340 9061799 skype id muhammad.amjad835"
,photos,2024-01-26T14:42:00+00:00,1836119370649392,FALSE,en,,,,,"[""post_text""]",https://www.facebook.com/transparency-tools/content-library/dataset/1119037145491882/facebook/post/1836119370649392/,2024-01-26T14:42:00+00:00,"[{""id"":""1041971994673082"",""type"":""photo"",""url"":""https://lookaside.facebook.com/mcl/multimedia/lookaside/?download_info=AZvMreTezOa4VvOcJcUbzmZSJEQj37wdrDvijV58zKB0s8uQ9DwPH48pVD7W0CORT-J4l9-eRCMzq9qT8oGbS9RnN34sRNUQ2RN1og5khi4cR4e4iDYym4URsVZoWtWM0s3nQVME_mocg1BB8iIM""}]",page,658446493800249,Online Quran Institute,,,,,0,,,,,,1,2137,2025-07-21,,page,658446493800249,Online Quran Institute,,"Aslam o Alaikum .. R u looking for online quran classes?we have male and female Quran teacher 
We provide online Quran classes with tajweed nazra/hifz... Flexible timing available....
30 min class per student.
20 min for Qaida/Quran and last 10 min for duas, kalimahs, Namaz...
3 Trial classes are free... Technology has made it easy to learn and Quran through Internet to all over the world, we teach online For more information...Plz contact us whatsapp. 0340 9061799 skype id muhammad.amjad835"
,photos,2024-01-26T14:41:15+00:00,23869341192761009,FALSE,en,,,,,"[""post_text""]",https://www.facebook.com/transparency-tools/content-library/dataset/1119037145491882/facebook/post/23869341192761009/,2024-01-26T14:41:15+00:00,"[{""id"":""1121744569834070"",""type"":""photo"",""url"":""https://lookaside.facebook.com/mcl/multimedia/lookaside/?download_info=AZtW-rY6fAnlEE0HOWfnDkPGictoetYqJHVGxeNsgvM8Fm-qW3s_h5TP1-QnexMd-JcHQRcr0pgwG7swLVJc5AWdjJOi6oZGcheblppA5XuG-Jio2xABA2kiwJfbIigciIEMJRFlNdkPJOvDaLbj""}]",page,658446493800249,Online Quran Institute,,,,,0,,,,,,0,1628,2025-07-21,,page,658446493800249,Online Quran Institute,,"Aslam o Alaikum .. R u looking for online quran classes?we have male and female Quran teacher 
We provide online Quran classes with tajweed nazra/hifz... Flexible timing available....
30 min class per student.
20 min for Qaida/Quran and last 10 min for duas, kalimahs, Namaz...
3 Trial classes are free... Technology has made it easy to learn and Quran through Internet to all over the world, we teach online For more information...Plz contact us whatsapp. 0340 9061799 skype id muhammad.amjad835"
,photos,2024-01-26T11:32:48+00:00,4200597540184202,FALSE,en,,,,,"[""post_text""]",https://www.facebook.com/transparency-tools/content-library/dataset/1119037145491882/facebook/post/4200597540184202/,2024-08-08T18:46:57+00:00,"[{""id"":""1987539732010416"",""type"":""photo"",""url"":""https://lookaside.facebook.com/mcl/multimedia/lookaside/?download_info=AZumXMhKe5wZGRHBkGnQqM7EGDNpE5Wk6fUuMYb1p4M75wmel0WNd1frPiR4Af_gbLHXFDbYB3m67yMj2fYX2vG4l0k0ZoyDJWVnN_5QbWeJxAgM68sWEgtrPOeyhvAMGAys6lqZMSTnjciejyEU""}]",page,1140018044126731,The message of islam,,,0,0,6,0,53,43,97,0,4,2532,2025-07-21,1,page,1140018044126731,The message of islam,,"May Allah bless you with a man who cares for your deen and dunya.üíúü§ç
Dream place one day with you inshaAllahü•π‚ù§Ô∏è"
,photos,2024-01-26T05:40:36+00:00,1805132907048576,FALSE,en,,,,,"[""post_text""]",https://www.facebook.com/transparency-tools/content-library/dataset/1119037145491882/facebook/post/1805132907048576/,2024-01-27T01:24:56+00:00,"[{""id"":""1267847791552141"",""type"":""photo"",""url"":""https://lookaside.facebook.com/mcl/multimedia/lookaside/?download_info=AZsmxsJDLck5XsNP_H7XcJCkw-LLdrQgPjiUIA5VLeo8VpH630OohR4GAtHbhs3q_j5fkHbxdJAHejo98VRYSRn_EDmgdYjllGAX_zMJssPKfTmZ4dHFCz7B6ZE1eqW6V4mTh8pYL_10xjltjOVo""}]",page,1393594278605403,Islam Is Peace,,,0,0,0,0,5,1,6,0,0,281,2025-07-21,0,group,394188373489819,Submission to Allah,,"Jumma Mubarak to everyone who has gathered to repent for mistakes and seek for mercy! Oh Allah, show us the right path of life and grace us with your blessings!"
,photos,2024-01-26T05:40:34+00:00,1438995393965849,FALSE,en,,,,,"[""post_text""]",https://www.facebook.com/transparency-tools/content-library/dataset/1119037145491882/facebook/post/1438995393965849/,2024-01-26T05:40:34+00:00,"[{""id"":""1270522378187638"",""type"":""photo"",""url"":""https://lookaside.facebook.com/mcl/multimedia/lookaside/?download_info=AZtppOrZyBOoxu3fNE8mwoCeW4T5zGfTpN2v8x1qMc535_YbcSRIHMNFpWUM_CfgVzR83dsbVmmk6ZDz63R5XU6XFMPEB6qd8LCf4ZgUjWHjt4Ji4fqrxj20ff7ET4xCLjFeXlOe7Wjnm8n8zm9e""}]",page,1393594278605403,Islam Is Peace,,,0,0,3,0,16,7,23,0,2,733,2025-07-21,0,page,1393594278605403,Islam Is Peace,,"Jumma Mubarak to everyone who has gathered to repent for mistakes and seek for mercy! Oh Allah, show us the right path of life and grace us with your blessings!"
,photos,2024-01-25T19:10:01+00:00,1283946819746177,FALSE,en,,,,,"[""post_text""]",https://www.facebook.com/transparency-tools/content-library/dataset/1119037145491882/facebook/post/1283946819746177/,2024-01-25T19:10:13+00:00,"[{""id"":""766289175763517"",""type"":""photo"",""url"":""https://lookaside.facebook.com/mcl/multimedia/lookaside/?download_info=AZsRBDXwYZiaOTTC2DnwACAB5vzKMlm9FE_v0FQj_pBguCk6UjqdvGwaSwMDlbrFps91kXYC68q7z9Am6TQe8oi2O_rAhbS8QCeJ0shh9f8PbtKb5qhjMwJEACaBbRWU4_ZgY3w6zrMytirWunc""}]",page,1393594278605403,Islam Is Peace,,,0,0,0,0,3,0,3,0,0,383,2025-07-21,0,group,780213263989123,üåπTEAM ALHAMDULILLAHüåπ,,‚ÄúSalat is not an option it‚Äôs an obligation. Plan your day to work around the five daily prayers.‚Äù
,photos,2024-01-25T19:10:01+00:00,1896649584517808,FALSE,en,,,,,"[""post_text""]",https://www.facebook.com/transparency-tools/content-library/dataset/1119037145491882/facebook/post/1896649584517808/,2024-01-25T23:10:20+00:00,"[{""id"":""2178848239209620"",""type"":""photo"",""url"":""https://lookaside.facebook.com/mcl/multimedia/lookaside/?download_info=AZvyRxH18-SCli2mX_v0Bd-aXadUocKkyErUbnxRVqgKKXTcIi4O4FXfQXljMS-OFNrpYPHxxv5Hhs8GC-LUkrv-HObbyc-URaGnINkBgzeCle9M47wshHOX7XZnIAvZDaqm-yLOZ65DhNGvWCMN""}]",page,1393594278605403,Islam Is Peace,,,0,0,0,0,7,0,7,0,1,733,2025-07-21,0,group,394188373489819,Submission to Allah,,‚ÄúSalat is not an option it‚Äôs an obligation. Plan your day to work around the five daily prayers.‚Äù
,photos,2024-01-25T19:09:51+00:00,1981660099236738,FALSE,en,,,,,"[""post_text""]",https://www.facebook.com/transparency-tools/content-library/dataset/1119037145491882/facebook/post/1981660099236738/,2024-01-25T19:09:51+00:00,"[{""id"":""1323547686172433"",""type"":""photo"",""url"":""https://lookaside.facebook.com/mcl/multimedia/lookaside/?download_info=AZumISLHkuedUDKNi6FSpNeVX29OSQyyfairmkYjxvS_EGeZM3jk4PiT6V5Djpq9Ni-YEBqHWGivplYO4K2mhWag-NvlAaHkkWkqxRVGKgRwhmfcI4PG0xF5vmFDZKEEfoo-8PlognG1IDxDBBql""}]",page,1393594278605403,Islam Is Peace,,,0,0,1,0,17,3,20,0,8,2491,2025-07-21,0,page,1393594278605403,Islam Is Peace,,‚ÄúSalat is not an option it‚Äôs an obligation. Plan your day to work around the five daily prayers.‚Äù
,photos,2024-01-24T19:37:13+00:00,1430519708155251,FALSE,en,,,,,"[""post_text""]",https://www.facebook.com/transparency-tools/content-library/dataset/1119037145491882/facebook/post/1430519708155251/,2024-01-24T20:37:05+00:00,"[{""id"":""1645092112824549"",""type"":""photo"",""url"":""https://lookaside.facebook.com/mcl/multimedia/lookaside/?download_info=AZu1mie5R9yBJ5iseAwIKUNh4uAcAnigyGyeH4wCJmw32vFFb0StZkKNtQrAbLfKz0Sc6m6JWyiF9ToR8a0L5PXEPPpdItJE6_kh77E9jA35Zjvt_P3hpghosTc-LSGIPk6tdC_nrEOXskRM5Rfy""}]",page,652045081242774,Islam Is Peace,islamispeace.muslim,,0,0,0,0,42,92,134,0,8,2914,2025-07-21,0,page,652045081242774,Islam Is Peace,islamispeace.muslim,- ‚ÄúAllah created man for Woman and woman for man.‚Äù
,photos,2024-01-24T16:28:23+00:00,1287995209360629,FALSE,en,,,,,"[""post_text""]",https://www.facebook.com/transparency-tools/content-library/dataset/1119037145491882/facebook/post/1287995209360629/,2024-01-24T16:28:23+00:00,"[{""id"":""1242989914269278"",""type"":""photo"",""url"":""https://lookaside.facebook.com/mcl/multimedia/lookaside/?download_info=AZtYuRbdM0Tp5EgkjmsuRtHFRF69CzcPtxfMf4WBbqpckTL0ZWAio-Ye735WX-IhxtvEN7fWehRJ-JFtZtQFrJNz5lugXjIqjtlnYAe2psoItFCCehDSArNsicEc2QbLXXjklZNHf748CI3mG3Y4""}]",page,554082677270493,Api News,ApiNews2,,0,0,0,0,16,0,16,0,2,3297,2025-07-21,0,page,554082677270493,Api News,ApiNews2,"Clock tower signals the entry into the month of Rajab..

2 months away from Ramadan!"
,photos,2024-01-24T15:50:30+00:00,2238852856542473,FALSE,en,,,,,"[""post_text""]",https://www.facebook.com/transparency-tools/content-library/dataset/1119037145491882/facebook/post/2238852856542473/,2024-05-24T21:08:12+00:00,"[{""id"":""675878282283872"",""type"":""photo"",""url"":""https://lookaside.facebook.com/mcl/multimedia/lookaside/?download_info=AZs1fsWl9mPh5v5jcPhO7yCOeFZYnquTvBJhJOtCtohMMMdL2QUZ5CtIQklVb20uMlkzVh7DzYCKAMyJQZQO29L0tDtNGiANvY-L-eFItOW39JWfY-E02dIvKyL72330TYcds3NhTK_svWk8yNc""}]",page,652045081242774,Islam Is Peace,islamispeace.muslim,,0,0,10,0,61,94,155,0,5,1531,2025-07-21,0,page,652045081242774,Islam Is Peace,islamispeace.muslim,In sha Allah
,photos,2024-01-22T15:30:10+00:00,2106148383527041,FALSE,en,,,,,"[""post_text""]",https://www.facebook.com/transparency-tools/content-library/dataset/1119037145491882/facebook/post/2106148383527041/,2024-05-24T21:08:12+00:00,"[{""id"":""1433328387986768"",""type"":""photo"",""url"":""https://lookaside.facebook.com/mcl/multimedia/lookaside/?download_info=AZsG5rIJh2wvdCBoCyDo7p2gRyXxc5Rt4smZ6pMdgIPT8mUIU8MfjiIyQlcmkDxrbUygbOeCA--CiQoFNN4NonSZ_8DImsCXfVE3NCSUapvCyDH3i9AT6_uO_lJsKMmqzh3nx-Lzb49o8mbdK0DH""}]",page,652045081242774,Islam Is Peace,islamispeace.muslim,,0,0,1,0,107,220,327,0,68,27932,2025-07-21,0,page,652045081242774,Islam Is Peace,islamispeace.muslim,Can't wait for Ramadan. May Allah allow us to witness this upcoming Ramadan.üåôü§≤üèºüíõ
,photos,2024-01-22T09:11:16+00:00,1473782146964995,FALSE,en,,,,,"[""post_text""]",https://www.facebook.com/transparency-tools/content-library/dataset/1119037145491882/facebook/post/1473782146964995/,2024-01-22T09:11:16+00:00,"[{""id"":""757322120573999"",""type"":""photo"",""url"":""https://lookaside.facebook.com/mcl/multimedia/lookaside/?download_info=AZtI_vfUYnfLkOHKaJnlYocSe-ZMK3W4IodD1xD12hNs6URcUrzpBW5bTVf6b8zk5luI-xppNhzkeOr8zKy5ZVQJM_tXk8Hgdog2n8kMWVLFL8EKRYGO_qRO3jlzFxDPICDjA7G3wsb5WQXxPu4""}]",page,437265988748879,Islamic Page,fouadhasan13,,,,1,,,,,,11,12491,2025-07-21,,page,437265988748879,Islamic Page,fouadhasan13,Can't wait for Ramadan. May Allah allow us to witness this upcoming Ramadan.üåôü§≤üèºüíõ
,photos,2024-01-21T14:09:30+00:00,2557143054640039,FALSE,en,,,,,"[""post_text""]",https://www.facebook.com/transparency-tools/content-library/dataset/1119037145491882/facebook/post/2557143054640039/,2024-01-30T09:06:05+00:00,"[{""id"":""1474619540552993"",""type"":""photo"",""url"":""https://lookaside.facebook.com/mcl/multimedia/lookaside/?download_info=AZvEJDC-jqgOqh-CMjQ-M-qEzYBEfMZMf0x6-DlSkwMxmDKtWDYAjxyADAZ3yz8XX2_5hGIkStt7i7MeBv3YchMXfILVwSgay-xEyTu_0397LcZf_MsZwtaw-z4Elv-bXR39JZrkXzYuF0zW4DDc""}]",page,1139734623897795,Stand with palestine,,,0,0,1,0,39,13,53,1,0,1933,2025-07-21,0,page,1139734623897795,Stand with palestine,,May Allah enlighten our hearts with the light of the Holy Quran.
,photos,2024-01-21T12:13:03+00:00,2212302382562135,FALSE,en,,,,,"[""post_text""]",https://www.facebook.com/transparency-tools/content-library/dataset/1119037145491882/facebook/post/2212302382562135/,2024-05-24T21:08:12+00:00,"[{""id"":""1849675662280845"",""type"":""photo"",""url"":""https://lookaside.facebook.com/mcl/multimedia/lookaside/?download_info=AZupfhpW9X0e2WVUT2PwkQA0dw6FP-vqo2LqRscvB-u5RtafGxEvMT8Y-ffetSgsRz_YdpxUZtB0yXNMSnRNcqbf0uPBJRlx3jvl241ZFeL0lOwHaS9YrnX-Cn3KC40Jzw-q0vyNxs-C6PUV-qjV""}]",page,652045081242774,Islam Is Peace,islamispeace.muslim,,0,0,2,0,18,26,44,0,0,888,2025-07-21,0,page,652045081242774,Islam Is Peace,islamispeace.muslim,Are you missing Ramadan.???
,photos,2024-01-20T13:55:24+00:00,1513619456673522,FALSE,en,,,,,"[""post_text""]",https://www.facebook.com/transparency-tools/content-library/dataset/1119037145491882/facebook/post/1513619456673522/,2024-01-27T16:18:46+00:00,"[{""id"":""1636425427027734"",""type"":""photo"",""url"":""https://lookaside.facebook.com/mcl/multimedia/lookaside/?download_info=AZvy3mHBA8qJcLqj4P-0dreZF5Bxwv051UT7eyjuFYsAvLuPTYD7qCHyAwzAJruDWn5cwt8J7vZGIhNROLJpMZx_EM_rGmR8NRlMs5cKdu2RC4J_ks40niB4rZ-azPnp17X_0g0qofT0Et6nEF4K""}]",page,1240170881218807,Allah is One,,,0,0,11,0,114,51,165,0,8,4150,2025-07-21,0,page,1240170881218807,Allah is One,,‚ÄîI have Allah.üíöüíö
,photos,2024-01-20T13:44:02+00:00,766601285840742,FALSE,en,,,,,"[""post_text""]",https://www.facebook.com/transparency-tools/content-library/dataset/1119037145491882/facebook/post/766601285840742/,2024-08-08T18:46:57+00:00,"[{""id"":""1974966383336036"",""type"":""photo"",""url"":""https://lookaside.facebook.com/mcl/multimedia/lookaside/?download_info=AZv5Z6IaLzW87WgiVT2Xu-DRXdr685kjqMv5-lJdlj4Gbb_fO73tEDFtEwwUuaMKCiG-KwfZ7avSwjHW9W5xVmDoDRv_HDAZnbaFiZiDJO5tlhpL_7p9GWPK4tkaBvviUUFZROB3pOmKhXEzglqw""}]",page,1140018044126731,The message of islam,,,0,0,5,0,90,67,157,0,9,4108,2025-07-24,0,page,1140018044126731,The message of islam,,- One day I want to touch the kaaba with you. ü§çüïã
,photos,2024-01-20T10:07:07+00:00,2139781376501439,FALSE,en,,,,,"[""post_text""]",https://www.facebook.com/transparency-tools/content-library/dataset/1119037145491882/facebook/post/2139781376501439/,2024-01-27T10:28:38+00:00,"[{""id"":""1078082200567135"",""type"":""photo"",""url"":""https://lookaside.facebook.com/mcl/multimedia/lookaside/?download_info=AZuKTbHN_vXBRQq9CsZzezCSHVwzZDhrwVL6OntnWdB_VsWGlC_bOqcwbbpY4TLerA9zRQkf7l_fbH3Ve6JIe5j8Yi4xmPHlKJUHxlD9Ws1ODNdMFwdkxhZdkEmyJePIYz_TlaGc7Wn2fg1BUvud""}]",page,1044563771097411,Sanjida islam sayma,sanjidaislamsayma426,,0,0,70,13,1603,780,2400,0,7,109588,2025-07-21,4,page,1044563771097411,Sanjida islam sayma,sanjidaislamsayma426,"The Chief guest at prize giving ceremony of Dream Touch Collections-‡¶∏‡ßç‡¶¨‡¶™‡ßç‡¶®‡ßá‡¶∞ ‡¶õ‡ßã‡¶Å‡ßü‡¶æ  
Thank you so much for this respect & grateful to allüñ§
Every day I feel blessing from Allah üñ§
Alhamdulillah üñ§"
,photos,2024-01-20T02:55:58+00:00,1650919202215959,FALSE,en,,,,,"[""post_text""]",https://www.facebook.com/transparency-tools/content-library/dataset/1119037145491882/facebook/post/1650919202215959/,2024-01-27T15:49:45+00:00,"[{""id"":""1457145905707272"",""type"":""photo"",""url"":""https://lookaside.facebook.com/mcl/multimedia/lookaside/?download_info=AZvLas5NincoQ3Ok_cZzfFQdD7kxVeOK8ZMSw1iVwohuEGg3GOf-9pAXCZSbPkrxG2qAUoJgWiLrLLZexoHuOiwkjRbkMWFQQOzO6N7fw-jKTFLlVtsWjzr4i10TvuqANZEnOMQdbs-oelKYr2ie""}]",page,1240170881218807,Allah is One,,,0,0,14,0,177,91,268,0,23,7479,2025-07-22,0,page,1240170881218807,Allah is One,,‚ÄîComing Soon Ramadan  üß°ü§≤
,photos,2024-01-19T12:50:09+00:00,1193137862857899,FALSE,en,,,,,"[""post_text""]",https://www.facebook.com/transparency-tools/content-library/dataset/1119037145491882/facebook/post/1193137862857899/,2024-01-19T12:50:20+00:00,"[{""id"":""974465808090616"",""type"":""photo"",""url"":""https://lookaside.facebook.com/mcl/multimedia/lookaside/?download_info=AZvAICfk0-S2AbtAVOSBZV3h2fmDvQLjXdF8Kr-sUO8PB9RUqQx3bwiMVvVUgjcfUvoQ3RNC910fbvBuRuRJREdVew1oku68IMD8QloBsw8-OUnQQ-MvaMbjKa4ePh5AFblL3hMN3mmLfaxv_Rw""}]",page,1393594278605403,Islam Is Peace,,,0,0,0,0,5,1,6,0,0,326,2025-07-21,0,group,780213263989123,üåπTEAM ALHAMDULILLAHüåπ,,"‚ÄúWorldly life is short, so turn to Allah before you return to Allah.‚Äù"
,photos,2024-01-19T12:50:09+00:00,639697752484070,FALSE,en,,,,,"[""post_text""]",https://www.facebook.com/transparency-tools/content-library/dataset/1119037145491882/facebook/post/639697752484070/,2024-01-19T15:59:37+00:00,"[{""id"":""803903068625966"",""type"":""photo"",""url"":""https://lookaside.facebook.com/mcl/multimedia/lookaside/?download_info=AZtVj7YTdd-cFkfULPfZfYzNf0xNIn6IBmKhCh6jJ-_BOVSlStpPDinRlZ-DyGgyZQw-Mrq0q9A4AglD4ZuRMItocR4QBFbT9ssuSKlnHuG-wwM3C4tGezifW3qiNOjIKVL_8Zsft3E3gKJKCj0""}]",page,1393594278605403,Islam Is Peace,,,0,0,0,0,8,1,9,0,0,1140,2025-07-21,0,group,7083795761657818,AÃÄGB·ªåÃÅY√â ·∫∏ÃÄS√åN ISLAM,,"‚ÄúWorldly life is short, so turn to Allah before you return to Allah.‚Äù"
,photos,2024-01-19T12:50:08+00:00,1109975334384447,FALSE,en,,,,,"[""post_text""]",https://www.facebook.com/transparency-tools/content-library/dataset/1119037145491882/facebook/post/1109975334384447/,2024-01-19T12:50:08+00:00,"[{""id"":""1022236516454089"",""type"":""photo"",""url"":""https://lookaside.facebook.com/mcl/multimedia/lookaside/?download_info=AZs5G15o0gaPBJ8RxoNW6yS6jSHHAtpuf6qLZr3UqYRZQdG_OUmdit5hPAhR5gm4kywi4b8OZzFMcJ8lVLB8e0z_b6azdD80G0-b_L8cSsuSJuOgaFl_sgGuee8zyQHvE3KTSYkyLR8sIb9G3uAp""}]",page,1393594278605403,Islam Is Peace,,,0,0,0,0,21,3,24,0,4,1012,2025-07-21,0,page,1393594278605403,Islam Is Peace,,"‚ÄúWorldly life is short, so turn to Allah before you return to Allah.‚Äù"
,photos,2024-01-19T10:54:22+00:00,2488613424842217,FALSE,en,,,,,"[""post_text""]",https://www.facebook.com/transparency-tools/content-library/dataset/1119037145491882/facebook/post/2488613424842217/,2024-01-19T11:54:18+00:00,"[{""id"":""1451325772478334"",""type"":""photo"",""url"":""https://lookaside.facebook.com/mcl/multimedia/lookaside/?download_info=AZvwkbzkVKF2HYEXrDpbck4qIB3XqWZHrxByvxMQhxzbe1952lNN56lc0DoVuhM_tYSZ0haslQZdgN-YluAYV_HNk5l8_Z4CJdu64LdiGO4-1Mi25ceCpWtnaPKUCBqRvqMMzj--95iAYtUJSmNB""}]",page,652045081242774,Islam Is Peace,islamispeace.muslim,,0,0,0,0,9,8,17,0,0,660,2025-07-21,0,page,652045081242774,Islam Is Peace,islamispeace.muslim,In sha Allah
,photos,2024-01-18T08:57:03+00:00,1275640010079889,FALSE,en,,,,,"[""post_text""]",https://www.facebook.com/transparency-tools/content-library/dataset/1119037145491882/facebook/post/1275640010079889/,2024-05-24T21:08:12+00:00,"[{""id"":""785949733960999"",""type"":""photo"",""url"":""https://lookaside.facebook.com/mcl/multimedia/lookaside/?download_info=AZvOCdSKAhj5pSt0LP5yeDsnLL9311loEKeneZvI0fl8dn1fp2CuaYsELccN8wiaFL4vpiTkC0fjY4MLyOtod8v2bb3flOyYUl0-fFQOOM0dsrpeeO9jn-anWLPg7wE36i_A__4QZyYHaErHnSg""}]",page,652045081242774,Islam Is Peace,islamispeace.muslim,,0,0,1,1,30,19,50,0,2,780,2025-07-21,0,page,652045081242774,Islam Is Peace,islamispeace.muslim,"Your future will be better than your past. In Shaa Allah.""‚ù§Ô∏èüí´

(Quran 93:4)"
,photos,2024-01-18T08:44:04+00:00,"3,77803E+15",FALSE,en,,,,,"[""post_text""]",https://www.facebook.com/transparency-tools/content-library/dataset/1119037145491882/facebook/post/3778030709007130/,2024-01-18T08:44:04+00:00,"[{""id"":""1876920666215774"",""type"":""photo"",""url"":""https://lookaside.facebook.com/mcl/multimedia/lookaside/?download_info=AZvuoAW9idf-6mtO-Oi3QBOkwsMmH6zA1I-Rzv81C7v-vuBevmL7CMa2fPLqY-Rq8hF_RT5-VhETsW6aQcvAMESZlJaGMrHyuGIgZw7iy4hD4ebsT98HKkdskRmYL54CBeBYZHZ4J8YJcXhFQZ1z""}]",page,652045081242774,Islam Is Peace,islamispeace.muslim,,0,0,0,0,28,44,73,1,6,5573,2025-07-21,0,page,652045081242774,Islam Is Peace,islamispeace.muslim,Allah knows best what is best for you. üòä
,photos,2024-01-17T08:48:57+00:00,697959282486107,FALSE,en,,,,,"[""post_text""]",https://www.facebook.com/transparency-tools/content-library/dataset/1119037145491882/facebook/post/697959282486107/,2024-05-24T21:08:12+00:00,"[{""id"":""1027476839248461"",""type"":""photo"",""url"":""https://lookaside.facebook.com/mcl/multimedia/lookaside/?download_info=AZsi-VdkFTOypGi2Y3otyFERK9lUWtkrJmnzalWpgk5VHIv3blw4ou_0oNA1Wx81Uif-GfAy87FkGVZXrcTxAqRkFrMD1c5LrvgZIjyrNTvWVHv6x6xkX8C-4Cu80zkt9jSINNj0KhJFAzXpHDS4""}]",page,652045081242774,Islam Is Peace,islamispeace.muslim,,0,0,1,0,30,56,86,0,7,7822,2025-07-21,0,page,652045081242774,Islam Is Peace,islamispeace.muslim,"Ya Allah, forgive our sins, the sins of our parents, children, brothers and sisters in Islam .and bless every home  Ameen.‚ù§Ô∏è"
,photos,2024-01-16T15:32:43+00:00,"3,80665E+15",FALSE,en,,,,,"[""post_text""]",https://www.facebook.com/transparency-tools/content-library/dataset/1119037145491882/facebook/post/3806646206302290/,2024-01-16T18:32:34+00:00,"[{""id"":""1089413405933195"",""type"":""photo"",""url"":""https://lookaside.facebook.com/mcl/multimedia/lookaside/?download_info=AZvoo15bUGbpNXpG_5W6z20sJw9eEvRTRXUP5lc8ByqxYjwRnASOpaAQP-hfAhB0sAtbgX7i1EljTkcSGvdo71tEIvvgA3pw84hH-khZ7Tn2FPca1UTSCnYbppAZV0uC48dOXHeIJlybPaIwZ6rB""}]",page,652045081242774,Islam Is Peace,islamispeace.muslim,,0,0,0,0,20,24,44,0,5,961,2025-07-21,0,page,652045081242774,Islam Is Peace,islamispeace.muslim,"But they plan, and AllƒÅh plans. And AllƒÅh is the best of planners. (8:30)"
,photos,2024-01-16T11:18:05+00:00,1057658373238812,FALSE,en,,,,,"[""post_text""]",https://www.facebook.com/transparency-tools/content-library/dataset/1119037145491882/facebook/post/1057658373238812/,2024-01-16T11:18:05+00:00,"[{""id"":""1348691297260504"",""type"":""photo"",""url"":""https://lookaside.facebook.com/mcl/multimedia/lookaside/?download_info=AZt-8ReI8_PSgKrVJKgrvbqEN7kiR3PZnjucKc2hcwuWrfLRhyOsaEJrMEV0kpjvyxHAvVUbZXsGULXfoweWcJdVzRxuCs1w4ZJDqIagNMms7om2FPl2dFjUXOnF1LL6qLmPNVwzr7VjgamI3Nq8""}]",page,652045081242774,Islam Is Peace,islamispeace.muslim,,0,0,0,0,42,55,99,2,14,8958,2025-07-21,0,page,652045081242774,Islam Is Peace,islamispeace.muslim,"Prophet Muhammad Ô∑∫ said : 

Look at the person who is below you, and do not look at one  who is superior to you. Thereby you would be able to better appreciate the favours that Allah has bestowed upon you."
,photos,2024-01-16T11:07:46+00:00,1385432852543666,FALSE,en,,,,,"[""post_text""]",https://www.facebook.com/transparency-tools/content-library/dataset/1119037145491882/facebook/post/1385432852543666/,2024-01-16T11:07:53+00:00,"[{""id"":""1764042424485523"",""type"":""photo"",""url"":""https://lookaside.facebook.com/mcl/multimedia/lookaside/?download_info=AZuVjau292xTfNcP8Yg_1Rr_RS8okUGSqXTzO4LSf_ZgFzZPM8Hk4DBOZqN2xsy3MybvdMSORmv3HX0Pjj_0cLnv4ZjfB23SlvASfSiZSlBuCU2TH9EvJ70BWwQOlP-mcdba8t0Z-hf84s2qZGBy""}]",page,1393594278605403,Islam Is Peace,,,0,0,0,0,1,0,1,0,0,178,2025-07-21,0,group,780213263989123,üåπTEAM ALHAMDULILLAHüåπ,,"Oh Allah! You are forgiving and love forgiveness, so forgive me for every single sin I have committed in my life."
,photos,2024-01-16T11:07:46+00:00,726112086721424,FALSE,en,,,,,"[""post_text""]",https://www.facebook.com/transparency-tools/content-library/dataset/1119037145491882/facebook/post/726112086721424/,2024-01-16T12:39:38+00:00,"[{""id"":""1983366389155877"",""type"":""photo"",""url"":""https://lookaside.facebook.com/mcl/multimedia/lookaside/?download_info=AZu6uowGpqrm4GqblgK6YhTbpxIt9TcrLzVZEGbTFdCcE_21M9ZiGgV4GdRrUE0ZAYj7t8Dk6PYlNa3pmJj-gm39jFyudX27wEnZ-e5Ep_QNQdN9u0ZbsA46gMoCgJFlZJMGGFoFQ_9-hcAi9epm""}]",page,1393594278605403,Islam Is Peace,,,0,0,7,0,13,0,15,2,0,1855,2025-07-21,0,group,7083795761657818,AÃÄGB·ªåÃÅY√â ·∫∏ÃÄS√åN ISLAM,,"Oh Allah! You are forgiving and love forgiveness, so forgive me for every single sin I have committed in my life."
,photos,2024-01-16T11:07:45+00:00,"1,67227E+15",FALSE,en,,,,,"[""post_text""]",https://www.facebook.com/transparency-tools/content-library/dataset/1119037145491882/facebook/post/1672269030145940/,2024-01-16T11:07:45+00:00,"[{""id"":""2860628574148219"",""type"":""photo"",""url"":""https://lookaside.facebook.com/mcl/multimedia/lookaside/?download_info=AZulg1-NoLtCZ2-2JZm2oCbwp1Rqfi6gQ2Xu1s5yiVHc21HU15dE17mF48hjghOPfXP8AK79GYUuS3951-ZvS-u4dUOzIV3Q7i58B0oj8u502TXBjxI-iSB1FO1CJdJe4OnLb-99ztFemA9lQm0I""}]",page,1393594278605403,Islam Is Peace,,,0,0,2,0,9,4,13,0,0,408,2025-07-21,0,page,1393594278605403,Islam Is Peace,,"Oh Allah! You are forgiving and love forgiveness, so forgive me for every single sin I have committed in my life."
,photos,2024-01-16T11:04:23+00:00,915601783253854,FALSE,en,,,,,"[""post_text""]",https://www.facebook.com/transparency-tools/content-library/dataset/1119037145491882/facebook/post/915601783253854/,2024-01-16T11:04:23+00:00,"[{""id"":""31122748413982744"",""type"":""photo"",""url"":""https://lookaside.facebook.com/mcl/multimedia/lookaside/?download_info=AZtGNJlXLvNPW5h61q7tWhyuqtk4-yvWiGeW6Ml08JzqM0Dzh87N61g4SADQ-ov7FfHaVxxr9If4uPwn4YveioyxccKE6tUct_73ho2b-hudcrcMZvXkxJGi2n4vzel5CD_XMwc-2DvWPh1zdx7nlw""}]",page,437265988748879,Islamic Page,fouadhasan13,,,,1,,,,,,3,6647,2025-07-21,,page,437265988748879,Islamic Page,fouadhasan13,"This is Islam, there is no difference between rich and poor.
Plz share your timeline"
,photos,2024-01-16T00:43:29+00:00,1669166987089494,FALSE,en,,,,,"[""post_text""]",https://www.facebook.com/transparency-tools/content-library/dataset/1119037145491882/facebook/post/1669166987089494/,2024-01-16T00:43:29+00:00,"[{""id"":""690342620835694"",""type"":""photo"",""url"":""https://lookaside.facebook.com/mcl/multimedia/lookaside/?download_info=AZsJwLbXhyyXYR6tshUU8NtgiW_YkuKacFP0SxR9gGoo1_UXfWgWTxT1Uz7uPBn5F7WTFQLzvxUkl5oQriN-CdtocU8uwsDgPPv9PATjCNR0Uh37Sq05zZCn0FU97byPK3IJsrwGHZPj0Lc2Q4w""}]",page,437265988748879,Islamic Page,fouadhasan13,,,,1,,,,,,0,3346,2025-07-21,,page,437265988748879,Islamic Page,fouadhasan13,"Ya Allah, forgive our sins, the sins of our parents, children, brothers and sisters in Islam .and bless every home  Ameen."
,photos,2024-01-15T23:07:24+00:00,1655025645066618,FALSE,en,,,,,"[""post_text""]",https://www.facebook.com/transparency-tools/content-library/dataset/1119037145491882/facebook/post/1655025645066618/,2024-01-19T11:53:10+00:00,"[{""id"":""1468666857461987"",""type"":""photo"",""url"":""https://lookaside.facebook.com/mcl/multimedia/lookaside/?download_info=AZuuuoNuEem3d-UYOgVIrOwosmpGkRZlRaGKiq5tNVVBoQ4TwKhd3DxJfb9YOT8w_fH0k5WyQesoE25_Ah-3S2IxyRRbxR-M_RADuWqS5wFi2qfyKO7hiLKX45X-oZZnRdIYe0XvsQbBnIs3dCeb""}]",page,437265988748879,Islamic Page,fouadhasan13,,,,2,,,,,,19,18765,2025-07-21,,page,437265988748879,Islamic Page,fouadhasan13,"When you educate a woman, you educate a generation.

So let us educate our daughters to first surrender to Allah.

When you educate a man, you educate a family. 

So let us our son to first surrender to Allah.

Education comes from family first,Either father or mother.ü•Ä"
,photos,2024-01-15T16:22:52+00:00,"1,29588E+15",FALSE,en,,,,,"[""post_text""]",https://www.facebook.com/transparency-tools/content-library/dataset/1119037145491882/facebook/post/1295876402159670/,2024-01-15T16:23:01+00:00,"[{""id"":""1647643992593701"",""type"":""photo"",""url"":""https://lookaside.facebook.com/mcl/multimedia/lookaside/?download_info=AZt5BvOsgFIa8pkjqLfHsQJduUXCRttkTN15AYNDdNQ__e9pBiKruOjo3rMJkioNt8z1aEGUAnUTCkpg7HFY72NUJNL5n5-i6cwvisM8PuXaPke8QmWmw82DNmgcJ_ipPRh_DDnV2CQ5NqHc_5qM""}]",page,1393594278605403,Islam Is Peace,,,0,0,0,0,3,0,3,0,0,265,2025-07-21,0,group,780213263989123,üåπTEAM ALHAMDULILLAHüåπ,,"A container of water was brought to al-Hasan to break his fast with, but when he brought it close to his mouth he began to weep and said, I remembered the wish of the inhabitants of the Fire in their saying: ‚ÄúPour on us some water‚Ä¶‚Äù . . . and then I remembered the reply to them ‚ÄúSurely Allah has forbidden both (water and provision to the disbelievers)‚Äù [Quran, 7:50]"
,photos,2024-01-15T16:22:50+00:00,1760031131282109,FALSE,en,,,,,"[""post_text""]",https://www.facebook.com/transparency-tools/content-library/dataset/1119037145491882/facebook/post/1760031131282109/,2024-01-15T16:22:50+00:00,"[{""id"":""726801593552285"",""type"":""photo"",""url"":""https://lookaside.facebook.com/mcl/multimedia/lookaside/?download_info=AZuY1YkYG1A_HEkEzdFLKTCt2_xtQ41UAMwwpIFJEYL9IZVo0lnI2gp8USi8Wa94LE7NdXUI8Jv1Ex4QVZ0Qbccji6HxYswm3Q0kTS0IqYU-QO0OHDJ7yQfEanLqO2kd4AK84X1zCiE56on_cwc""}]",page,1393594278605403,Islam Is Peace,,,0,0,0,0,13,3,16,0,1,580,2025-07-21,0,page,1393594278605403,Islam Is Peace,,"A container of water was brought to al-Hasan to break his fast with, but when he brought it close to his mouth he began to weep and said, I remembered the wish of the inhabitants of the Fire in their saying: ‚ÄúPour on us some water‚Ä¶‚Äù . . . and then I remembered the reply to them ‚ÄúSurely Allah has forbidden both (water and provision to the disbelievers)‚Äù [Quran, 7:50]"
,photos,2024-01-15T16:16:54+00:00,1154749603356097,FALSE,en,,,,,"[""post_text""]",https://www.facebook.com/transparency-tools/content-library/dataset/1119037145491882/facebook/post/1154749603356097/,2024-05-24T21:08:12+00:00,"[{""id"":""1136456401812366"",""type"":""photo"",""url"":""https://lookaside.facebook.com/mcl/multimedia/lookaside/?download_info=AZvSkbEfNiVf-mR-d6GVx-1HjEO3u6clcRiEeboD0_w7T0540_4Z2VouZyCsMSpk3FC6Tef4jIRjYOQCsHn8uqFSN9y4VyEAKD5bhzSuDKQIgBIjlQTSjdcJfxbNHe4dOV7spKTnYe__7sJTRjpN""}]",page,652045081242774,Islam Is Peace,islamispeace.muslim,,0,0,10,0,114,192,306,0,18,15530,2025-07-21,0,page,652045081242774,Islam Is Peace,islamispeace.muslim,One day in shaa Allah üïãüñ§
,photos,2024-01-15T10:14:34+00:00,612518308217941,FALSE,en,,,,,"[""post_text""]",https://www.facebook.com/transparency-tools/content-library/dataset/1119037145491882/facebook/post/612518308217941/,2024-01-15T10:14:44+00:00,"[{""id"":""2183117145539633"",""type"":""photo"",""url"":""https://lookaside.facebook.com/mcl/multimedia/lookaside/?download_info=AZu9MIyk2gRUN8rpW4NiCBtIEDtovmkz8CYbrtpYgkW3OT2EdwkdXhPzcmlR9xR3A57TUd7nTbNOPJc3G28QvqJbff2co9qEEsiOOl1GYl_53s-Y6a3LR-gkwC3GSZWKiFO0F8qmlGH-H8Ju58rL""}]",page,1393594278605403,Islam Is Peace,,,0,0,11,0,41,4,45,0,0,1496,2025-07-21,0,group,780213263989123,üåπTEAM ALHAMDULILLAHüåπ,,"If Allah is making you wait, be prepared to receive more than you asked."
,photos,2024-01-15T10:14:34+00:00,787741753914205,FALSE,en,,,,,"[""post_text""]",https://www.facebook.com/transparency-tools/content-library/dataset/1119037145491882/facebook/post/787741753914205/,2024-01-16T02:39:00+00:00,"[{""id"":""1477863080295718"",""type"":""photo"",""url"":""https://lookaside.facebook.com/mcl/multimedia/lookaside/?download_info=AZvvELrodSntMwMso2MWHqNk-AymlXcDHbssY_MVmykj5q4MfezVizi4kM_onNa4gJt7sXAf4M6EWsWil4SrVGwCjWKmrEaHW1W4RRyJBWS5Q4W4lu7fANl3EnHtH81NjNpdawESx24yRVPOAbPw""}]",page,1393594278605403,Islam Is Peace,,,0,0,1,0,45,4,49,0,3,1252,2025-07-21,0,group,394188373489819,Submission to Allah,,"If Allah is making you wait, be prepared to receive more than you asked."
,photos,2024-01-15T10:14:34+00:00,1886567232074324,FALSE,en,,,,,"[""post_text""]",https://www.facebook.com/transparency-tools/content-library/dataset/1119037145491882/facebook/post/1886567232074324/,2024-01-15T10:57:17+00:00,"[{""id"":""1094610175382507"",""type"":""photo"",""url"":""https://lookaside.facebook.com/mcl/multimedia/lookaside/?download_info=AZuRp9Y2lXdRxk_itNAtQqYgAl7qybb-uCFjcZbmw5VrkJi4O3FKo-6yI58bTXh3SOetyMmOmq9Lk-B_ltrCMPgGl3KThA2GIxMim5HgBEjh1F4I9yZmXvvGG9wr8uMPtB4jp87Xm9drlcPhXuQL""}]",page,1393594278605403,Islam Is Peace,,,0,0,7,0,35,0,35,0,4,2438,2025-07-21,0,group,7083795761657818,AÃÄGB·ªåÃÅY√â ·∫∏ÃÄS√åN ISLAM,,"If Allah is making you wait, be prepared to receive more than you asked."
,photos,2024-01-15T10:14:31+00:00,711638038359943,FALSE,en,,,,,"[""post_text""]",https://www.facebook.com/transparency-tools/content-library/dataset/1119037145491882/facebook/post/711638038359943/,2024-01-18T04:25:51+00:00,"[{""id"":""1405247230759906"",""type"":""photo"",""url"":""https://lookaside.facebook.com/mcl/multimedia/lookaside/?download_info=AZtiIvOslSV4iqxZTASukD6QMuHO7EXzjYSU_rclnXLgAvWOTlCrT2FqyBWe0LkCXeQoSKnpD-c2bxtqFiGw4Fx-PaeprR4xne6TJVOX33WzR9NLfrV0dJl0_iDQtvF4ZZCgrewhXQ1nK3MxPhUO""}]",page,1393594278605403,Islam Is Peace,,,0,0,7,0,30,7,37,0,8,1447,2025-07-21,0,page,1393594278605403,Islam Is Peace,,"If Allah is making you wait, be prepared to receive more than you asked."
,photos,2024-01-14T19:01:07+00:00,3704857456481653,FALSE,en,,,,,"[""post_text""]",https://www.facebook.com/transparency-tools/content-library/dataset/1119037145491882/facebook/post/3704857456481653/,2024-05-24T21:08:12+00:00,"[{""id"":""1083035710023947"",""type"":""photo"",""url"":""https://lookaside.facebook.com/mcl/multimedia/lookaside/?download_info=AZvpS3zBF5woR3-MKgpWCVLnnEi06XtWy7AyzRRjTUpL1TT-VUPIlVX7hjM7eXFkE9qCk8l1FDbUCd_JeS9ElRVmOyjhjFeuZR7yW5OB1hsK4_E-_7hAaDCZl6O6aMkMo3sbzEKSOGJ4Wi8oLRcg""}]",page,652045081242774,Islam Is Peace,islamispeace.muslim,,0,0,2,0,41,102,143,0,11,12991,2025-07-21,0,page,652045081242774,Islam Is Peace,islamispeace.muslim,"Ya Allah, forgive our sins, the sins of our parents, children, brothers and sisters in Islam .and bless every home  Ameen."
,photos,2024-01-14T13:39:08+00:00,1012719794109789,FALSE,en,,,,,"[""post_text""]",https://www.facebook.com/transparency-tools/content-library/dataset/1119037145491882/facebook/post/1012719794109789/,2024-01-14T13:40:19+00:00,"[{""id"":""723693633711267"",""type"":""photo"",""url"":""https://lookaside.facebook.com/mcl/multimedia/lookaside/?download_info=AZuICC5wxuCRVUuL_OprRG0cgOZd5hL-TH6EmhS02nixLtmszJiTsWnDibHt3zmjjbZBrtwSYbVi83Ai2ABhGlJc29fNydvhvBAA3YqKYYXN3ZnagON0F5dOXzQI1WHosTvK6fwlf76jy5iHhw4""}]",page,1393594278605403,Islam Is Peace,,,0,0,2,0,8,3,11,0,1,497,2025-07-21,0,page,1393594278605403,Islam Is Peace,,"Yah Allah, forgive me for all my sins and help me always turn to You seeking forgiveness and Mercy until I die. Aminü§≤"
,photos,2024-01-14T13:39:08+00:00,1483220176449199,FALSE,en,,,,,"[""post_text""]",https://www.facebook.com/transparency-tools/content-library/dataset/1119037145491882/facebook/post/1483220176449199/,2024-01-14T15:11:28+00:00,"[{""id"":""655421910165325"",""type"":""photo"",""url"":""https://lookaside.facebook.com/mcl/multimedia/lookaside/?download_info=AZsMtMwgDxm3EofspuXrmhIKP2QKGdcSSXJuup6138daI68J2EA5J5X7RMpjDZQuZLJRaqUjjy9Udtu_8KoY5ccfka5OnPckEpYt6BHTPeckC4mvsqtENcNyLF9YLQUFaBWee2s6PdenvcOEXIU""}]",page,1393594278605403,Islam Is Peace,,,0,0,18,0,19,0,19,0,3,3118,2025-07-21,0,group,7083795761657818,AÃÄGB·ªåÃÅY√â ·∫∏ÃÄS√åN ISLAM,,"Yah Allah, forgive me for all my sins and help me always turn to you seeking forgiveness and mercy until I die. Aminü§≤"
,photos,2024-01-14T08:38:29+00:00,1219314429946724,FALSE,en,,,,,"[""post_text""]",https://www.facebook.com/transparency-tools/content-library/dataset/1119037145491882/facebook/post/1219314429946724/,2024-01-14T08:38:38+00:00,"[{""id"":""750162544544563"",""type"":""photo"",""url"":""https://lookaside.facebook.com/mcl/multimedia/lookaside/?download_info=AZtj6d1tGEKBsHEFEIpNtR5fiV7PfjZp1EO4UZaJzr1_omgrwZS656yMcKmvHAjqUxt3W5-GJtvGyjT_UHn2CypwCIn8k3GI-hSsKhOf169ptdGWN2_M_aHcggUT5ICJhCB5UDBP9ILfUjXvcMQ""}]",page,1393594278605403,Islam Is Peace,,,0,0,2,0,5,0,5,0,0,728,2025-07-21,0,group,780213263989123,üåπTEAM ALHAMDULILLAHüåπ,,"Indeed, Allah knows the unseen [aspects] of the heavens and the earth. And Allah is Seeing of what you do."
,photos,2024-01-14T08:38:28+00:00,747909018170324,FALSE,en,,,,,"[""post_text""]",https://www.facebook.com/transparency-tools/content-library/dataset/1119037145491882/facebook/post/747909018170324/,2024-01-14T08:38:28+00:00,"[{""id"":""742427935384050"",""type"":""photo"",""url"":""https://lookaside.facebook.com/mcl/multimedia/lookaside/?download_info=AZuDssEFNzQ8naGlhsCRfBTylAKBRAM4T95WzXQPne_oztZWM8EjgowPVfci7Jg9R3sPSNjvEaBUbTTib6feWSEXahl2V8vjcbJicOdIMd7vG4aPtK6AplhcP-qWdNWKRDA0nRDB3R4PUmkGA2w""}]",page,1393594278605403,Islam Is Peace,,,0,0,3,0,21,1,22,0,12,2821,2025-07-21,0,page,1393594278605403,Islam Is Peace,,"Indeed, Allah knows the unseen [aspects] of the heavens and the earth. And Allah is Seeing of what you do."
,photos,2024-01-14T01:38:19+00:00,1458651482109607,FALSE,en,,,,,"[""post_text""]",https://www.facebook.com/transparency-tools/content-library/dataset/1119037145491882/facebook/post/1458651482109607/,2024-04-22T20:59:00+00:00,"[{""id"":""1063841992604587"",""type"":""photo"",""url"":""https://lookaside.facebook.com/mcl/multimedia/lookaside/?download_info=AZv8Lebf4ObyVIOsmHCw4nhoLlhu5f8YavXe2JurNtaSjiTBY6qoLlxkePe1dyyj9ssc5-IOj8IBEeF-QUaltv8pie_Tl2RThM3PWsNAokB-ZKhXCYWzvxtHYSBi8cxtnXcmsVd-4d1vzxdSKAmv""}]",page,430794049435751,90 Day Fiance Fans ,,,,,3,,,,,,1,1691,2025-07-21,,page,430794049435751,90 Day Fiance Fans ,,Sam Is Unsure About Converting To Islam For Citra!.......(Full details in comments üëá)
,photos,2024-01-13T17:03:07+00:00,631912976105067,FALSE,en,,,,,"[""post_text""]",https://www.facebook.com/transparency-tools/content-library/dataset/1119037145491882/facebook/post/631912976105067/,2024-08-03T19:17:43+00:00,"[{""id"":""1314794153397488"",""type"":""photo"",""url"":""https://lookaside.facebook.com/mcl/multimedia/lookaside/?download_info=AZugWZWMuHDFlvDD-iTIuJ-Rp5sryKJ99N2Dka2jOujoSntupiI9MiWA46NM0MbN_d85fr3jMcLctp5lPx9nFzlby8ToZz2awgTMTMJhXE64cz5g1Kh-2NxA2_rxbc-rM1mk6O4Zjj5VdDfn33mJ""}]",page,898848458915268,90 Day Clip,90dayclips,,0,0,3,0,2,0,3,1,0,809,2025-07-21,0,page,898848458915268,90 Day Clip,90dayclips,"Sam has now become concerned about the ‚Äòstruggle‚Äô that he would have to face while converting to Islam for Citra!......Read details in the commentüëáü§î
#TLC #90DayFiancePillowTalk
üêÜ üçÇ üõ≥ üíû üòä"
,photos,2024-01-12T13:47:08+00:00,1115688627115662,FALSE,en,,,,,"[""post_text""]",https://www.facebook.com/transparency-tools/content-library/dataset/1119037145491882/facebook/post/1115688627115662/,2024-01-12T14:16:06+00:00,"[{""id"":""744054951922051"",""type"":""photo"",""url"":""https://lookaside.facebook.com/mcl/multimedia/lookaside/?download_info=AZuMWA23MX3p8jLFEmBpq3EuWLK2hhaGrR9wDhC555mRQjfBGquwhRD2feaJqgbDDPn_Hq9blTWS58LH3bCtbAgRjAIeZ3z43sIw9IQw3sjvWBPASWigFwHf1lPj2A0kCmQ_0sRsgNRrKHgB_gQ""}]",page,1393594278605403,Islam Is Peace,,,0,0,5,0,19,2,21,0,1,2024,2025-07-21,0,group,7083795761657818,AÃÄGB·ªåÃÅY√â ·∫∏ÃÄS√åN ISLAM,,"‚ÄúAllah hears every unspoken word, sees every unseen wound, and mends every unbearable pain.‚Äù"
,photos,2024-01-12T13:47:08+00:00,1087461739587557,FALSE,en,,,,,"[""post_text""]",https://www.facebook.com/transparency-tools/content-library/dataset/1119037145491882/facebook/post/1087461739587557/,2024-01-12T16:46:48+00:00,"[{""id"":""1667735967271669"",""type"":""photo"",""url"":""https://lookaside.facebook.com/mcl/multimedia/lookaside/?download_info=AZtJTrmHmNvQ9SNvYlKf6Ko5ypHPvQo0rgP4fAi3lz2YY6E4JzyS5jUeUzM5IbuxSI8oZ2N8NvCCi6E1KbdAioFZl_s7HeDv4rgC6AOkEueJEvkbKhLmhNoDBNIbvgA8Kj1E4GxT_30XS279Dnyo""}]",page,1393594278605403,Islam Is Peace,,,0,0,1,0,18,0,18,0,1,957,2025-07-21,0,group,916332699844597,ISLAM IS MY CHOICE,,"‚ÄúAllah hears every unspoken word, sees every unseen wound, and mends every unbearable pain.‚Äù"
,photos,2024-01-12T13:47:04+00:00,1052985760366631,FALSE,en,,,,,"[""post_text""]",https://www.facebook.com/transparency-tools/content-library/dataset/1119037145491882/facebook/post/1052985760366631/,2024-01-12T13:47:04+00:00,"[{""id"":""1686292348553589"",""type"":""photo"",""url"":""https://lookaside.facebook.com/mcl/multimedia/lookaside/?download_info=AZsnwbpe0CYCbCChZS7TdROvPpJ6XPzOYtxNRUcPKZD7H9JVtoif0QURrNBsqJMM2Tef_Iq5lidtTpFwzpqiJMmhK7_wOecNGBfxS83cahVxWxLeLE2AaOChR3W-_CRx1hz9n9RPfLBo_FqGe20L""}]",page,1393594278605403,Islam Is Peace,,,0,0,0,0,19,4,23,0,1,612,2025-07-21,0,page,1393594278605403,Islam Is Peace,,"‚ÄúAllah hears every unspoken word, sees every unseen wound, and mends every unbearable pain.‚Äù"
,photos,2024-01-12T12:30:47+00:00,1092038619025962,FALSE,en,,,,,"[""post_text""]",https://www.facebook.com/transparency-tools/content-library/dataset/1119037145491882/facebook/post/1092038619025962/,2024-01-12T12:30:47+00:00,"[{""id"":""1303518811139382"",""type"":""photo"",""url"":""https://lookaside.facebook.com/mcl/multimedia/lookaside/?download_info=AZvpfB_SqAcQW_tfWMCdn-xPClfojVOt1MebwVJ4fo9Uj3pS-O5S5dIEiHQIxCmI2zXECmdIY7XZQgcM-V0vqxFKLP8IsU6YIPJLYxOKvZTY-MuXH-qjbd3tjI6H4haL5TxIdT4nqUWnymJ_jYFY""}]",page,1240170881218807,Allah is One,,,0,0,0,0,49,15,64,0,8,6098,2025-07-21,0,page,1240170881218807,Allah is One,,"- One day I want to touch the kaaba with you. ü§ç
Inshaallah‚ù§Ô∏è‚Äçü©π‚ù§Ô∏è"
,photos,2024-01-11T16:21:25+00:00,735049076155227,FALSE,en,,,,,"[""post_text""]",https://www.facebook.com/transparency-tools/content-library/dataset/1119037145491882/facebook/post/735049076155227/,2024-01-11T16:21:25+00:00,"[{""id"":""1382887519449043"",""type"":""photo"",""url"":""https://lookaside.facebook.com/mcl/multimedia/lookaside/?download_info=AZsRi0albMId9DPUUYLWm-PdTDan516SLXK6PmNLQzFLpJvUCF1ELvQwjPq6m4lNDFWy80OmgCJ1VlnLr3A3YXffeo3x86e9SYcwfCeh4wjkPC1c6ppQyrYqufIOqT6mwD5H2_tIpgKDuTMZLG-S""}]",page,1139734623897795,Stand with palestine,,,0,0,0,0,10,2,19,6,4,959,2025-07-21,1,page,1139734623897795,Stand with palestine,,"Pain of every Muslim
Pain of every human
#PalestineWillBeFree #PalestinianLivesMatter 
Palestine International Broadcast @followers Hidayat Nur Wahid"
,photos,2024-01-11T12:58:20+00:00,1515048956540091,FALSE,en,,,,,"[""post_text""]",https://www.facebook.com/transparency-tools/content-library/dataset/1119037145491882/facebook/post/1515048956540091/,2024-01-11T12:58:20+00:00,"[{""id"":""1695816815139253"",""type"":""photo"",""url"":""https://lookaside.facebook.com/mcl/multimedia/lookaside/?download_info=AZvK9RTjxuYK4Ar3WpG0CtaE5ixwe34kYNzRG8a1l94eG4ew8LyO3c4ndpm-rskFfct3_c3hpFs0WnvGZN42F72bsziE68_aM_2pAtOTeUzeynu12gw18sqX-A6epWAnm-d154tVRoxxXn6W94bu""}]",page,977665357526724,Islamic Movement In Nigeria,IslamicMovementInNigeria,,0,0,0,0,20,1,21,0,0,733,2025-07-21,0,page,977665357526724,Islamic Movement In Nigeria,IslamicMovementInNigeria,"‚ÄúPalestine serves as a focal point; it attracts us all. Those attacking and killing Palestinians, if given the chance, would target every Muslim. They are not only anti-humanity but seek to establish an order under their complete control. Those fighting in #Palestine strive not only for its liberation but for the freedom of all oppressed people worldwide. They represent every Muslim and every rational individual. Even if these aggressors were to overcome Muslims (which is unlikely), they would extend their reach to others. Palestine becomes a unifying cause for us all. No nation has suffered more than the Palestinians, symbolizing the oppressed and providing an example of resilience. In modern history, no people have endured suffering and stood firm like the Palestinians. It's clear they fight not only for themselves but on behalf of all of us.‚Äù

‚ÄìLeader Sheikh Ibraheem Zakzaky (H), in an interview with Presstv. 
 
#PrayForPalestine 
11/01/2024"
,photos,2024-01-11T12:21:20+00:00,1087024916776835,FALSE,en,,,,,"[""post_text""]",https://www.facebook.com/transparency-tools/content-library/dataset/1119037145491882/facebook/post/1087024916776835/,2024-08-08T18:46:57+00:00,"[{""id"":""732581826426587"",""type"":""photo"",""url"":""https://lookaside.facebook.com/mcl/multimedia/lookaside/?download_info=AZufvzDhUfx4CHXOPxPa_3rRcUYRvSHgywVRzrjFg5cAc16t5lUjJR4Jp3kLbC2OM2skbCBzJ31NBauPJt6WBL97uK4ZgEDelHj2JA6ld4VUTjd_bd6mPuMxMh-cbsIHMpXadhE8uOR6MDZ1GFo""}]",page,1140018044126731,The message of islam,,,0,0,6,0,96,61,157,0,11,5143,2025-07-21,0,page,1140018044126731,The message of islam,,Ramadan is coming... ‚ò∫Ô∏è
,photos,2024-01-10T17:33:19+00:00,1251618826136547,FALSE,en,,,,,"[""post_text""]",https://www.facebook.com/transparency-tools/content-library/dataset/1119037145491882/facebook/post/1251618826136547/,2024-01-10T17:34:30+00:00,"[{""id"":""784984800622295"",""type"":""photo"",""url"":""https://lookaside.facebook.com/mcl/multimedia/lookaside/?download_info=AZuLeCOCH-fCk0bZg03B8PbGbN-at4c3OQiMpMYa68vLISmQZGVLU_4w1mw6SkidImtmriTMPFxuHUmHUGGUz6GTobmrDFBDDyMrGW7jZIyJZipXNwsXrFcSeVZsQVCwTi_o3dJsdJKplvee_Us""}]",page,1240170881218807,Allah is One,,,0,0,2,0,50,12,62,0,4,4069,2025-07-21,0,page,1240170881218807,Allah is One,,"- Ramadan is coming.. üòç‚ô•Ô∏è
Allah is OneAllah is OneALLAH is One@followers#hailights"
,photos,2024-01-06T21:34:29+00:00,4012231172361814,FALSE,en,,,,,"[""post_text""]",https://www.facebook.com/transparency-tools/content-library/dataset/1119037145491882/facebook/post/4012231172361814/,2024-11-30T16:51:16+00:00,"[{""id"":""1239268814178366"",""type"":""photo"",""url"":""https://lookaside.facebook.com/mcl/multimedia/lookaside/?download_info=AZucm2uCheRm7aDWiflD6VXEKrQ9x9YJg-RcOd0arj2YCG_Xo5siPvzRAtK0sWaKIugahZ_0CydzZ58jvdMa7gin6u_0Id6PIV2N53B5UiY5USpoQ60qvH3HYnI7JPqShjTg-B0RgZIcTWoEBI8i""}]",page,1362894428275093,ALLAH is ONE,,,0,0,7,0,15,2,17,0,3,834,2025-07-24,0,page,1362894428275093,ALLAH is ONE,,Assalamu Alaikum waramotullah wabarakatu to all Brother's and Sister's in Islam and ds Group.
,photos,2024-01-06T04:51:22+00:00,1216315100182852,FALSE,en,,,,,"[""post_text""]",https://www.facebook.com/transparency-tools/content-library/dataset/1119037145491882/facebook/post/1216315100182852/,2024-08-08T18:46:57+00:00,"[{""id"":""1278299520556844"",""type"":""photo"",""url"":""https://lookaside.facebook.com/mcl/multimedia/lookaside/?download_info=AZupUbdGq6XIhYUVVDEx0jvDzG4-nxlaL0Ac5-LnsYld1Xr_Pt17qmLOYX_0n6clTjPtD7B-u4lSw6V_ic2ZOOucrN1ccEo5_4eNd6RyotBvZLGZ3bbGd72AkGQFcpH2LEYGUnY9OkW4F18sYsW9""}]",page,1140018044126731,The message of islam,,,0,0,1,1,69,64,134,0,3,3646,2025-07-21,0,page,1140018044126731,The message of islam,,- In sha Allah ‚ú®‚ù§Ô∏è‚Äçü©π
,photos,2024-01-05T13:56:00+00:00,729494356641279,FALSE,en,,,,,"[""post_text""]",https://www.facebook.com/transparency-tools/content-library/dataset/1119037145491882/facebook/post/729494356641279/,2024-01-05T13:56:00+00:00,"[{""id"":""1234246801782186"",""type"":""photo"",""url"":""https://lookaside.facebook.com/mcl/multimedia/lookaside/?download_info=AZvSQM3XnLAojklz9M_MtUgHWS24Nq060a2z2KfiO4Cd7VwnJ5wYerreVdDdUBSINllJJ7x4GHsTKtEm3l8kp0ViRXV_eYYxP2yOz8-O0ZYP7-wBq1qMS6kaAq6C7IzG86Cjf_ucjo6D1Nba_X__""}]",page,1240170881218807,Allah is One,,,0,0,0,0,19,10,30,0,1,2628,2025-07-21,1,page,1240170881218807,Allah is One,,‚Äî‚òÖOnly Muslim know that story ‚ù§Ô∏èüíñ
,photos,2024-01-05T04:53:58+00:00,686625904407810,FALSE,en,,,,,"[""post_text""]",https://www.facebook.com/transparency-tools/content-library/dataset/1119037145491882/facebook/post/686625904407810/,2024-01-05T04:54:05+00:00,"[{""id"":""1268335558032141"",""type"":""photo"",""url"":""https://lookaside.facebook.com/mcl/multimedia/lookaside/?download_info=AZsD3N-PW2QMny9ueMYHl0tVU8abNEyFwRX3SxkZGsI-mx-ExfltvShw6T5gLx3BiIHjTrpF514msWCME9H1lPCzml74BhifTLOsWSjnCwjfKna2ffwTOXlURtG2U3RY2LyVakMRXGufvYp_vOTn""}]",page,1393594278605403,Islam Is Peace,,,0,0,2,0,4,3,7,0,0,389,2025-07-21,0,group,780213263989123,üåπTEAM ALHAMDULILLAHüåπ,,"Only the privileged souls are able to witness today. Ours is not by our power but by the grace of Almighty ALLAH (SWT). Alhamdulillah, Jummah Kareem."
,photos,2024-01-05T04:53:57+00:00,1090123495895392,FALSE,en,,,,,"[""post_text""]",https://www.facebook.com/transparency-tools/content-library/dataset/1119037145491882/facebook/post/1090123495895392/,2024-01-05T04:53:57+00:00,"[{""id"":""1286998632977809"",""type"":""photo"",""url"":""https://lookaside.facebook.com/mcl/multimedia/lookaside/?download_info=AZtlG9-dgKh8SBeBequ8W1x6Yd75qaaz429UrZeRV_eZzWnGSy1-wsVrBWiQjyQNdhzbxu9JmtDM3-xhR-UJVr_hIPljoHjzng-X8wW3M-4GVbxBhgtx44WPoNxQE0VykWTvF8_2G6CzbJcxJBOM""}]",page,1393594278605403,Islam Is Peace,,,0,0,1,0,15,7,22,0,3,1370,2025-07-21,0,page,1393594278605403,Islam Is Peace,,"Only the privileged souls are able to witness today. Ours is not by our power but by the grace of Almighty ALLAH (SWT). Alhamdulillah, Jummah Kareem."
,photos,2024-01-03T10:50:05+00:00,771659352060704,FALSE,en,,,,,"[""post_text""]",https://www.facebook.com/transparency-tools/content-library/dataset/1119037145491882/facebook/post/771659352060704/,2024-01-03T10:50:05+00:00,"[{""id"":""1498123207847491"",""type"":""photo"",""url"":""https://lookaside.facebook.com/mcl/multimedia/lookaside/?download_info=AZvFsdOiCxLRG8JuiPPMO6ApKZBsCxBxSXxcoBqf3S5yXZnyIRvKtz1LMQn90ilAg-NfV5msxLBkfTFvRpZj2YXz7p-LE2_3D_bEYsQQSTD6yFSmfFuVyaXQm07R3rb3UoyHYi8RClqM0k4I-vgL""}]",page,437265988748879,Islamic Page,fouadhasan13,,,,1,,,,,,1,7008,2025-07-21,,page,437265988748879,Islamic Page,fouadhasan13,"May this upcoming Ramadan Be the best For all of US.ü§≤‚ù§Ô∏èüå∏
Amin ü§≤‚ò™Ô∏è"
,photos,2024-01-02T15:25:00+00:00,1691601731489636,FALSE,en,,,,,"[""post_text""]",https://www.facebook.com/transparency-tools/content-library/dataset/1119037145491882/facebook/post/1691601731489636/,2024-01-02T15:25:00+00:00,"[{""id"":""1757077491565151"",""type"":""photo"",""url"":""https://lookaside.facebook.com/mcl/multimedia/lookaside/?download_info=AZsO4yUnDosbhREXdIr40-SW69VkB9sNjzgxIY85Vrugx-ZpSDDZv_IhDxmNekjQLLLn3_K1xirTsYBJID1DBiA-famGbkpUGp5zWn-pZT7JOFcVlR5_ujlrqHECvYAZ7cAwN6nHD-K6WP4qVbt_""}]",page,566816219406488,Islamic information,,,0,0,0,0,3,2,5,0,0,390,2025-07-21,0,page,566816219406488,Islamic information,,Every Muslim Should Say Ameenüôè
,photos,2024-01-02T14:41:32+00:00,606369848951483,FALSE,en,,,,,"[""post_text""]",https://www.facebook.com/transparency-tools/content-library/dataset/1119037145491882/facebook/post/606369848951483/,2024-01-02T14:41:32+00:00,"[{""id"":""756349176901101"",""type"":""photo"",""url"":""https://lookaside.facebook.com/mcl/multimedia/lookaside/?download_info=AZtT5McVjRrA5VcncOoa7Eicpa_bouXoGtmpwauurXI5C-XaWHsJsvJRAip3N0I1j3lxptN-kCeA6FrrJ5vMXqHsVjFw9LwT2zYf8LaVjxodyG08Ya7cAQ-CT08Q3OH4XLd0B6WNH45wTLqmTK0""}]",page,566816219406488,Islamic information,,,0,0,0,0,2,0,2,0,0,194,2025-07-21,0,page,566816219406488,Islamic information,,"A social phenomenon that has confused European countries...
 Thousands of young Europeans are converting to Islam with complete consent and conviction.
 This good news was said by the Messenger, may God‚Äôs prayers and peace be upon him, more than 1440 years ago (that they will reach this matter as long as night and day have reached, and not a single house of mud or wool will remain without this religion entering it)...

Zjawisko spo≈Çeczne, kt√≥re zdezorientowa≈Ço kraje europejskie...
 TysiƒÖce m≈Çodych Europejczyk√≥w przechodzi na islam za ca≈ÇkowitƒÖ zgodƒÖ i przekonaniem.
 Tƒô dobrƒÖ nowinƒô oznajmi≈Ç Wys≈Çannik, niech spoczywa w nim modlitwa i pok√≥j Bo≈ºy, ponad 1440 lat temu (aby doszli do tej sprawy, dop√≥ki dzie≈Ñ i noc dosiƒôgnƒÖ, i nie pozostanie ani jeden dom z b≈Çota i we≈Çny bez wkroczenia tej religii)..."
,photos,2024-01-02T04:40:46+00:00,1444882666703026,FALSE,en,,,,,"[""post_text""]",https://www.facebook.com/transparency-tools/content-library/dataset/1119037145491882/facebook/post/1444882666703026/,2024-05-24T21:08:12+00:00,"[{""id"":""738252965852093"",""type"":""photo"",""url"":""https://lookaside.facebook.com/mcl/multimedia/lookaside/?download_info=AZukNnsEiTovsHg9G16zvDu06I4TwfzajjU5plsaRDTEFRftaiJH6OKtg4rOIftCO7QX8ydt9A_VaBYEjTawwAV8x2MsUuBYSiROofGm1_pcKV5T5QadKDNi6f5adjLcK3DgUx0zzFjRJMLnN2k""}]",page,652045081242774,Islam Is Peace,islamispeace.muslim,,0,0,8,0,55,79,134,0,10,17238,2025-07-21,0,page,652045081242774,Islam Is Peace,islamispeace.muslim,"Your future will be better than your past 
In shaa Allah"
,photos,2024-01-01T07:03:47+00:00,334873952686459,FALSE,en,,,,,"[""post_text""]",https://www.facebook.com/transparency-tools/content-library/dataset/1119037145491882/facebook/post/334873952686459/,2024-01-01T07:09:12+00:00,"[{""id"":""1780952962629174"",""type"":""photo"",""url"":""https://lookaside.facebook.com/mcl/multimedia/lookaside/?download_info=AZs534_4PFxdzdKSFhsxHpg2yUWMrm9DBu8qY71NNx46v6AjrPmtb9PT0aBG_eceyU36FTGU_ZvGRFX8-WyyBrwruAfs1IH_gZloQVmy5HwDo3oyo5b29Z6igSfovIBqH9HTfflQR5s7YfATfbc3""}]",page,671341788134787,Islamic videos,,,0,0,0,0,1,0,1,0,0,505,2025-07-21,0,page,671341788134787,Islamic videos,,"https://youtu.be/zsR8shjqhwQ?si=XWvUgd3eBKb80xYd

#allah #hazratmuhammadsaw #islamicvideo #alquran #viralvideo #surahrahman #molanatariqjameel #religion #dr.zakirnaik #molanarazasaqib #qurankitilawat #imrankhanpti #pakistanpolitics #pakistanelections #chatgpt #ai#islamichistoryinurdu#imrankhanpti,#islamichistory #tareekheislam #hazratmuhammadpbuh #qurankitilawat #palestineandmuslim #OIC #ummatemuslima #Dr. Israrahmad #miraclesofislam #miraclesofquran #realityofislam #trueislamicstories #islamafterphophet #surahmuhammad #quranrecitationwithoutads #interestingfactsaboutallah #beautifulfactsaboutislam #interestingfactsaboutquran #bestseerahofphophetmuhammadPBUH #scientificfactsaboutislam#malkoo #malkoostudio #nakdakoka"